{"loss": [2.8544185161590576, 0.8886531591415405, 0.794441282749176, 0.7285990715026855, 0.6824712753295898, 0.659704864025116, 0.6265730857849121, 0.6124759316444397, 0.5947290062904358, 0.5888038277626038, 0.5614020228385925, 0.5618782639503479, 0.542111873626709, 0.5287358164787292, 0.5289899706840515, 0.5102136135101318, 0.5106835961341858, 0.5002373456954956, 0.4883439242839813, 0.48685070872306824, 0.48651036620140076, 0.47988131642341614, 0.47529977560043335, 0.47132840752601624, 0.46706780791282654, 0.46692463755607605, 0.4598669111728668, 0.45062223076820374, 0.4532567858695984, 0.4472569525241852], "accuracy": [0.6839510798454285, 0.7572880387306213, 0.7684863805770874, 0.7891789674758911, 0.8021422624588013, 0.8046375513076782, 0.814253568649292, 0.8141927123069763, 0.8155316114425659, 0.8141927123069763, 0.8256344795227051, 0.8216176629066467, 0.8273385763168335, 0.8332420587539673, 0.8312944769859314, 0.8381717205047607, 0.8345809578895569, 0.8361024856567383, 0.8389020562171936, 0.8392063975334167, 0.837928295135498, 0.8413973450660706, 0.8396323919296265, 0.8437100648880005, 0.8435274958610535, 0.8426145911216736, 0.844683825969696, 0.847179114818573, 0.8437100648880005, 0.844683825969696], "val_loss": [0.9792038202285767, 0.967126727104187, 0.7435980439186096, 0.7072730660438538, 0.6459617614746094, 0.6440582275390625, 0.5996565222740173, 0.593960702419281, 0.5832197666168213, 0.6588394641876221, 0.5444054007530212, 0.5485810041427612, 0.5412949323654175, 0.5512194633483887, 0.5393031239509583, 0.5630406737327576, 0.5056524872779846, 0.5105549693107605, 0.4905640780925751, 0.4891085624694824, 0.47783955931663513, 0.47745490074157715, 0.47237688302993774, 0.4720596969127655, 0.4702804684638977, 0.4739927053451538, 0.4590829908847809, 0.44246533513069153, 0.4779914319515228, 0.45237278938293457], "val_accuracy": [0.7480525970458984, 0.6796494722366333, 0.7960078120231628, 0.7935734987258911, 0.8252190947532654, 0.8118305802345276, 0.8269230723381042, 0.8254625201225281, 0.8303310871124268, 0.7414800524711609, 0.8369036316871643, 0.8218110799789429, 0.8330087661743164, 0.8254625201225281, 0.8252190947532654, 0.7872443795204163, 0.8410418629646301, 0.8271664977073669, 0.8420155644416809, 0.8437195420265198, 0.8361732959747314, 0.8388510346412659, 0.8429892659187317, 0.8386076092720032, 0.8442064523696899, 0.8415287137031555, 0.8481012582778931, 0.8493183851242065, 0.8252190947532654, 0.8463972806930542]}